fires on eyes	xzq	12312332	1.00
Miss Flower	Chunyu Feng	90875493	20.01
Mr Fire	QianQian	56565656	0.01
Mr Milk	QianQian	12345667	200.00
Mr Why	QianQian	21931932	12.00
Mr Xilan	HongHong	31023419	13.00
Mr Ximan	LanLan	12303188	24.00
XiaoMing   XiaoMing  36476233    89.00
cbdfkjbckudcb  nildje  33476847   78.00
fuycbjcjhcb dhcfhnu 347638746 89.34
fk jhdbuhb  cubbcfuhbu 3974823 45.00
bcdfkhbciuos ucdionlus 676347832 89.45
bchfdbcshkjbcj csdnljcb 3264873628  43.00
efhjhberkufh djdhncuf 8643783283 23.00
ckufdbc bckejcnkw 2384783432 82.00
dukbc jdenwcckr 637398273 12.00
dckvusdv bdjkshbx 2321533676 36.00
